name,mail,birthdate,sobrenome,sexo
Edd,esaket0@census.gov,1984-11-09,Saket,Non-binary
Krispin,kschaumaker1@timesonline.co.uk,1983-10-30,Schaumaker,Non-binary
Gerty,gmatveichev2@ibm.com,1998-11-27,Matveichev,Male
Jamill,jdakhov3@woothemes.com,1982-11-05,Dakhov,Female
Sheffy,sclackers4@netlog.com,1991-03-11,Clackers,Female
Shurwood,sniccolls5@printfriendly.com,1998-03-19,Niccolls,Genderfluid
Spence,sfenning6@apple.com,2007-02-18,Fenning,Female
Michel,mbatham7@simplemachines.org,2007-06-13,Batham,Male
Ronny,rcurrell8@dyndns.org,2006-05-29,Currell,Agender
Odo,oduligal9@sitemeter.com,1991-04-14,Duligal,Female
Lucius,lgunninga@chronoengine.com,1991-08-31,Gunning,Male
Ramsay,rnutbeamb@wordpress.org,2010-08-23,Nutbeam,Male
Kessia,kcowndenc@hao123.com,1980-11-02,Cownden,Polygender
Normie,ntrobridged@ow.ly,1985-03-04,Trobridge,Genderfluid
Wallas,wsheldrakee@163.com,1984-05-02,Sheldrake,Genderfluid
Dorette,dhanburyf@yale.edu,1986-12-01,Hanbury,Genderqueer
Clint,cdibding@google.ru,1995-04-29,Dibdin,Bigender
Cristal,cadcockh@npr.org,1985-11-12,Adcock,Male
Ewart,ehartlandi@gizmodo.com,1986-02-07,Hartland,Agender
Ula,uherityj@360.cn,1983-07-28,Herity,Genderqueer
Inge,imackissackk@samsung.com,1981-09-10,MacKissack,Male
Jasmine,jbracknelll@fastcompany.com,2003-05-12,Bracknell,Non-binary
Leanor,lrumensm@baidu.com,1984-05-03,Rumens,Male
Alonso,aliepmannn@alibaba.com,1980-06-30,Liepmann,Genderqueer
Klaus,kradbourno@ow.ly,2006-09-26,Radbourn,Female
Ced,cseargeantp@reddit.com,1985-04-04,Seargeant,Genderfluid
Pavia,pstiveyq@zdnet.com,2003-10-01,Stivey,Bigender
Devi,dhirtzr@xinhuanet.com,1986-05-09,Hirtz,Genderqueer
Darsie,ddalrymples@istockphoto.com,1983-10-31,Dalrymple,Genderqueer
Ettie,educkwortht@jugem.jp,1986-03-14,Duckworth,Agender
Walther,wcosbeeu@mozilla.com,2001-03-03,Cosbee,Genderfluid
Taryn,tkarlssonv@arstechnica.com,2002-05-20,Karlsson,Genderfluid
Margareta,mkislingburyw@amazon.co.jp,1988-12-24,Kislingbury,Agender
Anjela,ahardwarex@nih.gov,2008-08-29,Hardware,Genderfluid
Chere,ccottemy@netvibes.com,1994-08-01,Cottem,Female
Kathleen,klockhartz@ted.com,2000-11-30,Lockhart,Bigender
Vin,vmatzaitis10@mapquest.com,1985-08-05,Matzaitis,Genderfluid
Ambrosio,asimkin11@tumblr.com,1987-09-04,Simkin,Agender
Nettle,nbranche12@simplemachines.org,2003-03-04,Branche,Agender
Patrick,pcawdell13@boston.com,2003-05-28,Cawdell,Polygender
Augustina,alevis14@g.co,1982-05-12,Levis,Genderfluid
Ozzy,oherreros15@github.io,1994-02-25,Herreros,Polygender
Durante,daimable16@clickbank.net,1997-10-31,Aimable,Polygender
Valene,vcupitt17@paypal.com,2006-08-17,Cupitt,Genderqueer
Artus,amcglue18@de.vu,2005-05-20,McGlue,Female
Petr,pgirardeau19@economist.com,1993-07-22,Girardeau,Genderfluid
Camey,cdugget1a@paypal.com,1988-07-14,Dugget,Non-binary
Wilek,wquelch1b@msn.com,1985-12-06,Quelch,Female
Bartram,bjiles1c@delicious.com,1997-03-22,Jiles,Bigender
Katharine,kkibbee1d@rediff.com,2007-01-31,Kibbee,Genderfluid
Alfie,alampert1e@smugmug.com,1994-09-03,Lampert,Genderqueer
Zara,zubsdale1f@wisc.edu,2002-05-23,Ubsdale,Genderfluid
Chrysler,cmccrudden1g@nydailynews.com,2008-01-08,McCrudden,Female
Franklin,fcollin1h@shop-pro.jp,1980-07-28,Collin,Genderqueer
Wallie,wjerromes1i@e-recht24.de,1980-12-08,Jerromes,Polygender
Amos,avasey1j@mapy.cz,1980-12-03,Vasey,Polygender
Broddy,bvipan1k@nasa.gov,1993-01-29,Vipan,Female
Chrysler,cluckcuck1l@sphinn.com,1984-01-12,Luckcuck,Genderfluid
Georgetta,gcheeld1m@google.com,1984-07-05,Cheeld,Genderfluid
Dora,dcornell1n@wunderground.com,1996-08-27,Cornell,Non-binary
Ambrosi,astobie1o@miibeian.gov.cn,1989-11-22,Stobie,Agender
Melodie,mleban1p@i2i.jp,1994-08-30,Leban,Polygender
Charmine,checkle1q@histats.com,1987-09-05,Heckle,Non-binary
Hoebart,hburgon1r@hao123.com,1986-01-25,Burgon,Genderfluid
Zabrina,zdealy1s@eventbrite.com,1995-03-23,Dealy,Polygender
Evangelina,egarshore1t@sourceforge.net,2007-04-13,Garshore,Polygender
Lanie,lscottesmoor1u@cpanel.net,2006-01-18,Scottesmoor,Agender
Frasier,fskeel1v@domainmarket.com,1996-01-29,Skeel,Genderqueer
Eal,ecarillo1w@ask.com,2009-10-26,Carillo,Genderqueer
Donni,dfaires1x@kickstarter.com,1998-04-26,Faires,Bigender
Melonie,mcarriage1y@pcworld.com,2009-03-09,Carriage,Bigender
Obediah,omcilvoray1z@ehow.com,1981-07-20,McIlvoray,Genderqueer
Thea,tmullineux20@cpanel.net,2008-10-07,Mullineux,Genderqueer
Inness,ialston21@guardian.co.uk,1989-06-11,Alston,Agender
Livvy,larnefield22@bizjournals.com,2008-06-18,Arnefield,Genderqueer
Ebony,esibbald23@clickbank.net,1995-12-16,Sibbald,Female
Nata,nchallicombe24@deviantart.com,2001-05-03,Challicombe,Bigender
Jamie,jplevin25@toplist.cz,1983-07-09,Plevin,Male
Shane,swearing26@amazon.co.uk,2008-04-13,Wearing,Polygender
Claiborne,cberfoot27@seattletimes.com,2002-11-02,Berfoot,Genderfluid
Fredericka,fmcrinn28@china.com.cn,2004-11-17,McRinn,Bigender
Minnie,mmacilhargy29@loc.gov,1984-10-14,MacIlhargy,Genderqueer
Myrtia,mhawthorn2a@twitter.com,2004-08-25,Hawthorn,Non-binary
Emmaline,eshallcroff2b@disqus.com,1985-03-30,Shallcroff,Bigender
Sapphira,sinsworth2c@intel.com,2003-11-12,Insworth,Genderfluid
Beltran,btombleson2d@arstechnica.com,2000-12-09,Tombleson,Polygender
Gaynor,ghindrick2e@springer.com,1998-10-01,Hindrick,Polygender
Horatio,hcollard2f@elegantthemes.com,2003-01-18,Collard,Female
Vincent,vclewlow2g@biglobe.ne.jp,2007-04-10,Clewlow,Genderqueer
Gunner,gkesterton2h@chronoengine.com,1981-05-08,Kesterton,Genderfluid
Drusie,drust2i@cam.ac.uk,1981-01-04,Rust,Male
Cary,cdrescher2j@ovh.net,2009-07-23,Drescher,Non-binary
Dinnie,dravilious2k@1688.com,2009-07-12,Ravilious,Genderqueer
Chanda,cdomerque2l@fastcompany.com,2006-10-08,Domerque,Non-binary
Marcello,mede2m@technorati.com,2009-07-21,Ede,Bigender
Ted,thigginbottam2n@feedburner.com,1991-06-01,Higginbottam,Non-binary
Elonore,egoracci2o@google.it,1999-09-15,Goracci,Genderfluid
Spike,sepelett2p@storify.com,1992-08-06,Epelett,Bigender
Hervey,hvahl2q@merriam-webster.com,1993-01-12,Vahl,Agender
Scarface,ssimonazzi2r@altervista.org,1985-04-01,Simonazzi,Male
Hurlee,hcorbet2s@sciencedirect.com,1992-11-26,Corbet,Bigender
Hewet,hjebb2t@dell.com,1982-01-17,Jebb,Genderfluid
Sybil,sbrigstock2u@va.gov,1994-08-15,Brigstock,Genderfluid
Hinda,hkubat2v@columbia.edu,1982-03-22,Kubat,Bigender
Basilio,bollerearnshaw2w@skype.com,2010-02-16,Ollerearnshaw,Non-binary
Adiana,astump2x@cornell.edu,1993-09-03,Stump,Agender
Dedie,dspier2y@cornell.edu,1994-02-02,Spier,Genderfluid
Fifine,fdiggle2z@sbwire.com,2000-06-06,Diggle,Male
Artur,agaenor30@google.de,1989-04-29,Gaenor,Agender
Sanderson,sellph31@wired.com,1993-12-14,Ellph,Male
Harlan,hswindlehurst32@hc360.com,2003-12-13,Swindlehurst,Non-binary
Othilie,oprandoni33@shop-pro.jp,1990-01-08,Prandoni,Genderqueer
Titos,twasbrough34@360.cn,1994-02-07,Wasbrough,Agender
Othilia,okelle35@geocities.jp,2001-01-28,Kelle,Non-binary
Hally,hchittey36@jimdo.com,2006-09-16,Chittey,Agender
Freddy,fcrewdson37@w3.org,1983-10-02,Crewdson,Female
Storm,swillows38@sogou.com,2006-03-12,Willows,Non-binary
Elke,efilchakov39@usda.gov,1996-03-23,Filchakov,Non-binary
Cally,ccrowdace3a@github.io,1980-10-07,Crowdace,Female
Dietrich,dipplett3b@yellowpages.com,1991-03-25,Ipplett,Agender
Roshelle,rmalsher3c@slashdot.org,2001-11-11,Malsher,Non-binary
Starla,satter3d@nps.gov,1984-05-18,Atter,Non-binary
Barbee,bjanks3e@infoseek.co.jp,2009-06-12,Janks,Polygender
Cary,cgage3f@princeton.edu,2005-12-31,Gage,Bigender
Abigail,abalma3g@blinklist.com,2004-11-26,Balma,Genderfluid
Lemar,lrispine3h@goo.ne.jp,2007-09-06,Rispine,Bigender
Boyce,bceillier3i@paypal.com,1991-10-10,Ceillier,Female
Sonny,sbaines3j@indiatimes.com,1994-07-29,Baines,Non-binary
Alexina,acraske3k@ask.com,1987-11-02,Craske,Genderqueer
Dorise,ddykins3l@scribd.com,2006-02-12,Dykins,Male
Brinna,bmccaull3m@fema.gov,1988-03-18,Mccaull,Bigender
Arnoldo,amitkin3n@exblog.jp,1986-07-01,Mitkin,Male
Wilton,wwhatford3o@meetup.com,2002-09-08,Whatford,Non-binary
Zebedee,zbarnfather3p@cbslocal.com,2003-09-02,Barnfather,Genderqueer
Cross,cswanton3q@livejournal.com,2001-08-13,Swanton,Female
Huntley,hodeson3r@vinaora.com,1997-05-23,Odeson,Female
Bibbye,bfoston3s@ucsd.edu,1997-04-09,Foston,Agender
Rusty,rpeggs3t@hao123.com,2005-11-04,Peggs,Non-binary
Norman,ngrut3u@bravesites.com,2007-12-23,Grut,Polygender
Geneva,gpheasant3v@privacy.gov.au,1989-04-15,Pheasant,Polygender
Ruthe,rducaen3w@jugem.jp,2001-02-01,Ducaen,Non-binary
Rickie,rpestell3x@oaic.gov.au,2002-01-15,Pestell,Genderfluid
Sarge,sgaymer3y@spiegel.de,1996-05-25,Gaymer,Non-binary
Jaquith,jalday3z@go.com,1992-05-23,Alday,Genderfluid
Crysta,ccrampsy40@mail.ru,1994-10-20,Crampsy,Male
Butch,bhuzzay41@who.int,1993-08-27,Huzzay,Male
Leyla,ldeek42@rediff.com,1984-12-21,Deek,Non-binary
Ramonda,rgellier43@walmart.com,1999-12-07,Gellier,Agender
Amber,acypler44@tripod.com,1982-02-15,Cypler,Non-binary
Standford,skleszinski45@smh.com.au,1995-06-26,Kleszinski,Female
Gweneth,gsabban46@youku.com,2007-10-26,Sabban,Agender
Sybil,smaccurley47@ca.gov,1995-08-24,MacCurley,Non-binary
Friederike,fbernardt48@usnews.com,1980-09-25,Bernardt,Genderqueer
Concordia,cphilpotts49@slideshare.net,1999-11-26,Philpotts,Agender
Jackie,jbriars4a@godaddy.com,2001-11-29,Briars,Male
Rockie,rfenck4b@springer.com,2001-07-11,Fenck,Genderqueer
Aron,amintoff4c@facebook.com,1991-10-21,Mintoff,Genderfluid
Loreen,lmcgawn4d@surveymonkey.com,2006-12-05,McGawn,Male
Kenon,kchate4e@booking.com,2002-09-02,Chate,Agender
Vic,vcovil4f@barnesandnoble.com,2010-11-15,Covil,Male
Karrah,kstollery4g@comcast.net,1985-03-24,Stollery,Genderqueer
Arlan,asowrah4h@artisteer.com,1995-07-13,Sowrah,Bigender
Rikki,radrienne4i@google.nl,1986-07-11,Adrienne,Genderqueer
Paulie,pjordon4j@slashdot.org,2006-07-02,Jordon,Polygender
Allayne,aruilton4k@nih.gov,1997-03-17,Ruilton,Agender
Aggy,arichten4l@addtoany.com,2000-11-20,Richten,Agender
Ignatius,icronchey4m@angelfire.com,1984-08-18,Cronchey,Agender
Pattin,pyanne4n@gravatar.com,1981-01-12,Yanne,Polygender
Cecil,cbayle4o@newsvine.com,1981-02-01,Bayle,Genderfluid
Marlow,mtruwert4p@joomla.org,1990-02-18,Truwert,Polygender
Andriette,agadie4q@thetimes.co.uk,1989-08-08,Gadie,Genderqueer
Cord,cblacksland4r@nifty.com,1998-02-11,Blacksland,Female
Shadow,ssiemandl4s@amazon.de,2005-02-10,Siemandl,Genderqueer
Meagan,mfraczak4t@springer.com,2009-07-06,Fraczak,Non-binary
Tristan,tcommon4u@discuz.net,1984-10-09,Common,Bigender
Miguel,mcrut4v@google.de,1999-10-17,Crut,Polygender
Willi,wbrownett4w@sakura.ne.jp,2001-01-23,Brownett,Female
Nessa,nwhitemarsh4x@imdb.com,1985-06-16,Whitemarsh,Female
Faunie,fmowat4y@blog.com,1982-08-18,Mowat,Genderqueer
Lucinda,lpesselt4z@instagram.com,2001-05-11,Pesselt,Bigender
Massimiliano,mbeggin50@wikia.com,1982-12-12,Beggin,Female
Mayor,mblakeden51@amazon.de,1980-01-01,Blakeden,Female
Inez,iplascott52@netlog.com,2003-09-03,Plascott,Polygender
Selene,sdedenham53@theguardian.com,2000-12-29,Dedenham,Male
Sam,sutridge54@hc360.com,2010-07-01,Utridge,Genderqueer
Corina,csutton55@wufoo.com,2003-02-09,Sutton,Agender
Smitty,sletcher56@ow.ly,1992-07-23,Letcher,Genderqueer
Filippa,fhardway57@mtv.com,1987-04-18,Hardway,Genderfluid
Juana,jtamburo58@meetup.com,1998-06-12,Tamburo,Genderqueer
Hermina,hmagner59@photobucket.com,2000-11-02,Magner,Genderqueer
Erin,eburling5a@163.com,1996-03-23,Burling,Bigender
Beverlee,bmaskrey5b@furl.net,1994-04-11,Maskrey,Genderfluid
Zorah,zkeoghan5c@tinypic.com,1989-04-03,Keoghan,Genderfluid
Geordie,gsanham5d@bing.com,1985-06-18,Sanham,Female
Janette,jmcalindon5e@dailymotion.com,2003-01-28,McAlindon,Non-binary
Harley,hhorsted5f@businessweek.com,1980-01-28,Horsted,Non-binary
Nanine,nsolomon5g@amazon.com,1992-06-23,Solomon,Female
Hardy,hcultcheth5h@hud.gov,1987-03-12,Cultcheth,Bigender
Weylin,wborgnol5i@house.gov,1991-06-11,Borgnol,Genderqueer
Mariejeanne,mgilbanks5j@mapy.cz,1981-04-01,Gilbanks,Genderfluid
Babb,bglencros5k@vkontakte.ru,1996-12-29,Glencros,Male
Ingaberg,icastrillo5l@ustream.tv,1984-03-12,Castrillo,Genderqueer
Dallas,dcreevy5m@oracle.com,1984-02-27,Creevy,Genderfluid
Dex,dkensett5n@google.de,1992-05-04,Kensett,Bigender
Aldin,arolston5o@seattletimes.com,1995-09-01,Rolston,Non-binary
Lauralee,lmioni5p@comsenz.com,1991-09-25,Mioni,Genderqueer
Catlee,csomerlie5q@pbs.org,1994-01-02,Somerlie,Genderqueer
Barry,brichold5r@google.cn,2000-03-27,Richold,Genderfluid
Walton,wbalazin5s@foxnews.com,1999-04-06,Balazin,Male
Steven,sbinney5t@deviantart.com,1987-03-23,Binney,Non-binary
Katee,kpostlewhite5u@youku.com,2002-11-10,Postlewhite,Genderfluid
Eve,edemars5v@nature.com,1987-07-07,De Mars,Agender
Heda,hmccrystal5w@dmoz.org,1983-08-10,McCrystal,Agender
Opalina,omcgaughay5x@domainmarket.com,2003-02-22,McGaughay,Genderqueer
Kirsti,kwhebell5y@miitbeian.gov.cn,1991-01-30,Whebell,Non-binary
Christina,chadden5z@lulu.com,1994-06-26,Hadden,Agender
Edan,egrane60@quantcast.com,1990-12-29,Grane,Bigender
Annissa,asilly61@home.pl,1997-07-14,Silly,Female
Joye,jscripture62@webeden.co.uk,2007-03-29,Scripture,Male
Mair,mforder63@dedecms.com,2004-11-10,Forder,Male
Chelsea,ccapenor64@marriott.com,1986-11-15,Capenor,Female
Tania,tmacalees65@samsung.com,1999-11-25,MacAlees,Genderfluid
Brod,btisor66@bbb.org,2001-02-27,Tisor,Agender
Renie,rwhitmarsh67@vimeo.com,1991-11-23,Whitmarsh,Non-binary
Anselma,abransgrove68@gmpg.org,1998-02-01,Bransgrove,Male
Neilla,njanko69@digg.com,2009-10-26,Janko,Female
Ursola,uashdown6a@discuz.net,1982-02-18,Ashdown,Polygender
Palm,pmanjot6b@reddit.com,2010-11-28,Manjot,Male
Britney,bgarrat6c@wix.com,1989-05-09,Garrat,Genderqueer
Olivia,oacome6d@surveymonkey.com,1983-10-12,Acome,Genderfluid
Merna,mrickhuss6e@instagram.com,1988-10-11,Rickhuss,Female
Jo ann,jtrimmill6f@chron.com,2009-09-23,Trimmill,Agender
Serena,sleeson6g@mapy.cz,2005-07-15,Leeson,Non-binary
Shae,smatveyev6h@smh.com.au,1983-10-11,Matveyev,Male
Thor,tmenure6i@bbc.co.uk,1981-05-25,Menure,Male
Carley,cpenwarden6j@vimeo.com,1990-06-07,Penwarden,Agender
Celisse,cbonniface6k@marriott.com,2008-12-01,Bonniface,Female
Flor,fkemme6l@naver.com,1991-09-12,Kemme,Bigender
Paolo,pbrittain6m@linkedin.com,2006-02-06,Brittain,Male
Kath,khoggins6n@devhub.com,1998-09-26,Hoggins,Agender
Brent,blammiman6o@umich.edu,1981-03-03,Lammiman,Non-binary
Ezechiel,eguerreiro6p@etsy.com,1992-12-04,Guerreiro,Non-binary
Hewie,hkellert6q@prlog.org,2007-06-17,Kellert,Bigender
Collie,cgolt6r@over-blog.com,1993-03-21,Golt,Genderfluid
Cesar,cpoleye6s@squidoo.com,1983-05-29,Poleye,Female
Revkah,rbanghe6t@disqus.com,2002-03-28,Banghe,Bigender
Rodrick,rpemble6u@so-net.ne.jp,2007-05-25,Pemble,Non-binary
Noach,nkirlin6v@last.fm,1991-06-01,Kirlin,Polygender
Mycah,mscollick6w@booking.com,2000-01-13,Scollick,Female
Peg,phunnam6x@xinhuanet.com,1987-05-11,Hunnam,Male
Dru,dculross6y@drupal.org,2000-03-04,Culross,Polygender
Ludovico,llethem6z@foxnews.com,1985-11-28,Lethem,Bigender
Uri,ufaithorn70@reverbnation.com,1984-11-08,Faithorn,Genderfluid
Natale,nfawke71@answers.com,1981-07-23,Fawke,Genderfluid
Yetta,ycavilla72@fda.gov,1987-01-23,Cavilla,Agender
Reggi,rnickols73@bloomberg.com,1989-07-23,Nickols,Polygender
Rockie,rmaydway74@privacy.gov.au,1985-09-13,Maydway,Agender
Nada,ndobrowolny75@cargocollective.com,2007-05-06,Dobrowolny,Non-binary
Glendon,gchesterton76@microsoft.com,2004-06-18,Chesterton,Female
Cissiee,cpennicard77@ifeng.com,1990-04-19,Pennicard,Genderqueer
Euphemia,ewisdom78@pbs.org,1994-06-14,Wisdom,Polygender
Toddie,tcavendish79@yale.edu,1987-10-28,Cavendish,Male
Courtney,clacey7a@dot.gov,1989-01-13,Lacey,Genderfluid
Jephthah,jrowesby7b@ehow.com,1996-10-23,Rowesby,Genderfluid
Luce,lduckworth7c@statcounter.com,1992-01-30,Duckworth,Agender
Micheal,mzimmermanns7d@qq.com,1996-12-02,Zimmermanns,Male
Lilyan,lfarlow7e@toplist.cz,1982-04-10,Farlow,Non-binary
Nathanael,nbaggs7f@dropbox.com,1983-07-15,Baggs,Female
Verla,vfryatt7g@bandcamp.com,1988-01-04,Fryatt,Bigender
Isidro,ikean7h@bizjournals.com,2003-04-04,Kean,Non-binary
Lindie,lyoung7i@washingtonpost.com,1985-06-06,Young,Male
Baily,bgreenslade7j@bravesites.com,2010-04-08,Greenslade,Non-binary
Elisabeth,egammon7k@ucoz.com,1986-01-01,Gammon,Genderqueer
Merl,mwaddams7l@independent.co.uk,1996-04-05,Waddams,Genderqueer
Baron,bbeningfield7m@fastcompany.com,2001-10-04,Beningfield,Polygender
Suzette,smcvicker7n@paginegialle.it,1996-11-03,McVicker,Agender
Noelani,nantonignetti7o@sitemeter.com,2007-09-25,Antonignetti,Non-binary
Pete,pbenner7p@unblog.fr,1999-06-17,Benner,Female
Giorgio,grees7q@cisco.com,1981-12-01,Rees,Non-binary
Delores,dballoch7r@nasa.gov,1997-07-16,Balloch,Polygender
Heda,hdeortega7s@tuttocitta.it,2000-11-22,De Ortega,Female
Diena,djochens7t@ftc.gov,2002-01-20,Jochens,Genderfluid
Elana,eundy7u@over-blog.com,2000-12-23,Undy,Genderfluid
Riordan,rbonnet7v@so-net.ne.jp,2004-09-27,Bonnet,Female
Nara,nbarts7w@irs.gov,2000-04-25,Barts,Polygender
Kent,kethelstone7x@slideshare.net,1995-03-02,Ethelstone,Genderqueer
Antoinette,atrapp7y@jigsy.com,1982-05-15,Trapp,Agender
Axe,ajohl7z@telegraph.co.uk,1989-09-06,Johl,Genderqueer
Stephen,sbrierley80@tumblr.com,1999-06-22,Brierley,Non-binary
Jean,jglencrosche81@arizona.edu,1994-06-27,Glencrosche,Female
Rochester,rjohananov82@nba.com,1999-07-15,Johananov,Genderfluid
Almire,aroblett83@java.com,1988-06-13,Roblett,Bigender
Olenka,oleifer84@psu.edu,2004-09-21,Leifer,Bigender
Marcellina,mwathell85@godaddy.com,1982-05-26,Wathell,Agender
Ryun,rshowers86@gov.uk,1996-10-17,Showers,Agender
Tedie,tjeannin87@fema.gov,1986-09-05,Jeannin,Genderqueer
Rhianna,rdrysdell88@icq.com,1988-10-02,Drysdell,Male
Fedora,fbrabon89@uiuc.edu,1997-07-15,Brabon,Genderfluid
Vladimir,vdavidovic8a@youtu.be,2004-03-30,Davidovic,Polygender
Lyell,lodooley8b@posterous.com,1996-02-28,O' Dooley,Male
Haroun,hscullion8c@reddit.com,2001-12-19,Scullion,Bigender
Dulcia,dconnett8d@github.com,1980-01-13,Connett,Bigender
Michaela,mhourihan8e@springer.com,2006-02-21,Hourihan,Female
Chrisy,ckuschel8f@yelp.com,1995-04-20,Kuschel,Male
Emilie,emcwhorter8g@instagram.com,1983-02-17,McWhorter,Polygender
Gilberto,ghirsch8h@hud.gov,2010-08-10,Hirsch,Bigender
Corrina,calaway8i@shutterfly.com,2006-11-13,Alaway,Bigender
Ebony,eaudley8j@latimes.com,1982-07-23,Audley,Polygender
Alair,aswallwell8k@aboutads.info,2004-11-28,Swallwell,Genderqueer
Cordy,cconlaund8l@nature.com,1985-04-02,Conlaund,Agender
Piotr,pbrand8m@tiny.cc,1994-02-20,Brand,Female
Cristabel,ctutill8n@adobe.com,1983-02-23,Tutill,Genderqueer
Willa,woxbie8o@bizjournals.com,1992-03-13,Oxbie,Female
Erny,ecantera8p@bloglovin.com,1994-09-21,Cantera,Non-binary
Abrahan,acristofolini8q@newsvine.com,1999-06-26,Cristofolini,Genderfluid
Dell,dcouling8r@reverbnation.com,1990-12-31,Couling,Polygender
Nikolas,ndurward8s@accuweather.com,1984-06-24,Durward,Bigender
Stinky,ssnoad8t@bluehost.com,2000-11-18,Snoad,Genderfluid
Stinky,sspellworth8u@canalblog.com,1996-11-18,Spellworth,Polygender
Therese,tmcmechan8v@ucla.edu,2000-12-04,McMechan,Genderqueer
Alikee,amesant8w@networkadvertising.org,1988-09-03,Mesant,Genderqueer
Ferne,fberrycloth8x@simplemachines.org,1999-08-08,Berrycloth,Agender
Jared,jmcdonagh8y@pagesperso-orange.fr,2001-09-15,McDonagh,Non-binary
Joela,jocrigan8z@forbes.com,1986-02-08,O'Crigan,Non-binary
Corbie,ctotaro90@telegraph.co.uk,2006-10-24,Totaro,Genderqueer
Bibbie,bstango91@skype.com,2005-03-14,Stango,Agender
Jarret,jmusk92@reference.com,1995-06-25,Musk,Agender
Anna-diane,aramshay93@list-manage.com,2002-08-28,Ramshay,Polygender
Zacharias,zcristofol94@macromedia.com,2010-04-07,Cristofol,Agender
Leila,llumby95@google.ca,2007-02-13,Lumby,Male
Zachery,zandrysiak96@cbsnews.com,1989-07-31,Andrysiak,Bigender
Chris,ccunney97@rediff.com,2009-04-19,Cunney,Genderqueer
Lionel,lsaer98@utexas.edu,2009-12-12,Saer,Genderqueer
Westleigh,wdaniells99@wikia.com,1983-05-19,Daniells,Bigender
Lelah,lfloris9a@sogou.com,1998-01-26,Floris,Female
Holli,hhathaway9b@ezinearticles.com,2001-09-21,Hathaway,Polygender
Taryn,tsimon9c@reddit.com,1987-07-29,Simon,Female
Dana,dharvatt9d@is.gd,2009-06-08,Harvatt,Genderfluid
Nat,nhuish9e@virginia.edu,2002-04-26,Huish,Genderqueer
Renata,rallcott9f@1und1.de,1989-07-13,Allcott,Female
Brooks,bbritzius9g@constantcontact.com,2003-02-14,Britzius,Bigender
Gerti,gglowach9h@plala.or.jp,1984-09-07,Glowach,Non-binary
Moritz,mtomney9i@miibeian.gov.cn,2000-01-20,Tomney,Genderqueer
Hymie,hstares9j@mozilla.org,2007-10-28,Stares,Genderfluid
Bettye,bmccready9k@alibaba.com,1987-11-27,McCready,Bigender
Gail,gedleston9l@thetimes.co.uk,1981-02-08,Edleston,Female
Theadora,tbachnic9m@jugem.jp,1981-12-09,Bachnic,Genderqueer
Gawen,gtidd9n@shinystat.com,1991-07-15,Tidd,Male
Rosette,rphilpin9o@va.gov,1995-09-19,Philpin,Polygender
Freda,fserraillier9p@live.com,1990-02-02,Serraillier,Agender
Constancy,cstoffel9q@usgs.gov,1991-10-24,Stoffel,Non-binary
Sal,sforten9r@squidoo.com,1992-10-20,Forten,Bigender
Yettie,ysorbie9s@goo.gl,2002-08-12,Sorbie,Male
Garv,gdreakin9t@posterous.com,1985-07-29,Dreakin,Genderqueer
Mathilda,mditt9u@unicef.org,2003-06-24,Ditt,Genderfluid
Mick,mtrotter9v@baidu.com,1986-04-06,Trotter,Polygender
Jessa,jspincke9w@wordpress.org,1984-08-21,Spincke,Genderqueer
Manuel,mbiasio9x@abc.net.au,1985-05-03,Biasio,Male
Nickey,noliveira9y@ucoz.com,2005-04-02,Oliveira,Genderfluid
Laurel,llis9z@archive.org,2008-05-09,Lis,Non-binary
Lowell,lfairfulla0@tamu.edu,1980-11-03,Fairfull,Female
Sheila,spearlea1@umn.edu,1981-01-29,Pearle,Female
Diandra,dcallistera2@artisteer.com,2004-01-06,Callister,Polygender
Saraann,slanona3@irs.gov,1987-06-15,Lanon,Polygender
Waldo,wreanya4@yellowbook.com,1990-10-01,Reany,Female
Pammie,phaysara5@earthlink.net,1991-12-25,Haysar,Female
Loydie,lphebya6@hao123.com,1998-11-23,Pheby,Polygender
Bryan,bmililloa7@imageshack.us,1993-01-28,Milillo,Non-binary
Benedicta,bsimchenkoa8@vk.com,1986-07-01,Simchenko,Male
Gerti,glislea9@wikia.com,2006-12-17,Lisle,Non-binary
Glori,gdelmontiaa@google.es,2008-11-15,Delmonti,Female
Neila,nbottingab@marriott.com,1982-01-28,Botting,Bigender
Cordey,clythgoeac@ftc.gov,2002-07-08,Lythgoe,Female
Bertie,bsebrookad@si.edu,2000-08-14,Sebrook,Male
Andrej,abriffettae@state.tx.us,1980-04-10,Briffett,Female
Rahel,rbedburrowaf@sciencedirect.com,1990-01-01,Bedburrow,Bigender
Cull,cmonetiag@last.fm,1993-01-22,Moneti,Polygender
Kelila,kvyelah@oaic.gov.au,1998-06-28,Vyel,Agender
Fairlie,fstuteai@dailymotion.com,2008-10-04,Stute,Male
Sydelle,sfashamaj@netlog.com,1987-10-13,Fasham,Female
Farlay,fspandleyak@tamu.edu,1988-03-13,Spandley,Male
Hatti,hgabitesal@dyndns.org,1980-10-29,Gabites,Genderfluid
Claiborne,csurmanam@washington.edu,1986-07-15,Surman,Male
Lorene,ldaviddian@spotify.com,2007-06-10,Daviddi,Polygender
Marmaduke,msantusao@intel.com,1994-04-21,Santus,Genderqueer
Hyatt,hdoddingap@rambler.ru,1994-11-13,Dodding,Female
Morissa,mmalinsaq@wix.com,1990-04-16,Malins,Bigender
Walsh,wvasiljevicar@prlog.org,1988-03-13,Vasiljevic,Female
Adolphus,aduberyas@google.co.uk,2003-01-30,Dubery,Male
Emanuel,emcclounanat@ucsd.edu,2000-02-05,McClounan,Male
Chen,cbeckersau@issuu.com,2009-09-21,Beckers,Polygender
Vladimir,vlambdonav@ft.com,1987-04-12,Lambdon,Genderqueer
Lucille,lwitherowaw@wikimedia.org,1993-10-30,Witherow,Genderfluid
Gratiana,gtertreax@deliciousdays.com,1994-08-22,Tertre,Polygender
Georgina,gewbankay@studiopress.com,2007-07-02,Ewbank,Genderfluid
Tatiana,tblackwoodaz@virginia.edu,1985-05-03,Blackwood,Genderfluid
Hubert,hsillisb0@princeton.edu,1984-12-18,Sillis,Genderqueer
Penelope,pdalgarnob1@reddit.com,1997-08-25,Dalgarno,Non-binary
Gianina,ggertzb2@t-online.de,1985-10-30,Gertz,Female
Glenden,glarcherb3@altervista.org,1988-03-18,L'Archer,Non-binary
Lynnett,lklampkb4@yelp.com,2006-11-09,Klampk,Non-binary
Noella,ntwelvetreesb5@mit.edu,1982-03-21,Twelvetrees,Genderqueer
Farrel,fifflandb6@chron.com,1996-05-25,Iffland,Bigender
Innis,isivillsb7@newyorker.com,1997-04-02,Sivills,Agender
Kimball,kshinglesb8@abc.net.au,1992-10-03,Shingles,Agender
Kelvin,kklimkiewichb9@craigslist.org,2004-06-30,Klimkiewich,Female
Sadie,sphilcockba@desdev.cn,2008-02-01,Philcock,Bigender
Shermie,srolfebb@barnesandnoble.com,1988-09-25,Rolfe,Genderfluid
Foster,faersbc@gravatar.com,1989-04-01,Aers,Genderqueer
Tedda,tfrydbd@wufoo.com,2008-11-24,Fryd,Male
Bentley,bsallybe@ibm.com,1995-05-06,Sally,Genderfluid
Bess,bhalcrobf@nsw.gov.au,1987-03-06,Halcro,Agender
Joshia,jbollonbg@webeden.co.uk,2010-05-25,Bollon,Polygender
Ansley,apartletonbh@craigslist.org,2009-06-28,Partleton,Genderfluid
Kath,kgoneaubi@biglobe.ne.jp,1989-06-06,Goneau,Female
Orion,orollingbj@shop-pro.jp,1986-01-30,Rolling,Female
Orin,obangsbk@yellowbook.com,1980-05-27,Bangs,Non-binary
Andie,akinghornbl@quantcast.com,2004-02-20,Kinghorn,Genderqueer
Verge,vrimebm@surveymonkey.com,1987-05-15,Rime,Non-binary
Vince,vhawardbn@columbia.edu,1997-12-27,Haward,Genderfluid
Patrick,pcamposbo@goodreads.com,1989-07-01,Campos,Non-binary
Sydel,sglaviasbp@fema.gov,2003-01-17,Glavias,Genderqueer
Luciana,lcreberbq@dell.com,2002-05-13,Creber,Non-binary
Grace,gpietzkebr@posterous.com,1980-02-20,Pietzke,Genderqueer
Park,pdagnanbs@mac.com,1982-07-25,Dagnan,Genderfluid
Harriot,hskillenbt@de.vu,2000-02-05,Skillen,Agender
Griffith,gburnerbu@jugem.jp,1980-08-28,Burner,Genderfluid
Mendie,moadebv@whitehouse.gov,1995-01-06,Oade,Female
Enriqueta,ehamertonbw@vkontakte.ru,2001-09-24,Hamerton,Genderqueer
Mahmoud,mdefrainebx@soundcloud.com,2007-03-03,Defraine,Bigender
Eba,ebreissanby@netlog.com,1992-12-09,Breissan,Male
Clayson,cbrookbz@tumblr.com,2007-04-27,Brook,Non-binary
Frank,fmerredyc0@tripod.com,2000-12-09,Merredy,Non-binary
Toddie,tcastletinec1@ftc.gov,1999-06-19,Castletine,Genderfluid
Barton,bmarnanec2@foxnews.com,1990-03-07,Marnane,Polygender
Michele,mkirschec3@skype.com,2010-08-09,Kirsche,Male
Raddie,rwinnisterc4@a8.net,1987-07-18,Winnister,Female
Georgie,gvandalenc5@cbsnews.com,1984-03-10,Van Dalen,Genderqueer
Stacie,spearnc6@drupal.org,1993-07-04,Pearn,Genderqueer
Antonius,abrearleyc7@salon.com,1993-03-15,Brearley,Genderqueer
Val,vbillsonc8@upenn.edu,1996-12-23,Billson,Bigender
Juliann,jtoppesc9@walmart.com,1981-07-04,Toppes,Male
Hester,hzamboninica@indiegogo.com,1995-06-03,Zambonini,Non-binary
Sheilakathryn,swalesbycb@surveymonkey.com,1995-12-18,Walesby,Polygender
Jacinthe,jsanjacc@xrea.com,1988-04-01,Sanja,Bigender
Jerry,jbouldscd@foxnews.com,1999-01-10,Boulds,Non-binary
Katharine,kcamilice@independent.co.uk,1997-04-06,Camili,Genderfluid
Stirling,sabbycf@oaic.gov.au,1985-01-10,Abby,Non-binary
Claiborne,candrichcg@themeforest.net,2002-06-27,Andrich,Agender
Erin,ecaughtch@mayoclinic.com,1989-03-25,Caught,Non-binary
Jarib,jhethronci@google.ru,2003-01-24,Hethron,Agender
Essa,etinstoncj@psu.edu,2000-06-04,Tinston,Non-binary
Sloane,sguidock@ted.com,2010-03-24,Guido,Genderqueer
Che,cspykingscl@goo.ne.jp,2001-09-26,Spykings,Polygender
Caralie,cmillingtoncm@vkontakte.ru,2006-09-02,Millington,Female
Donetta,ddavillecn@printfriendly.com,1997-03-20,Daville,Non-binary
Berte,breadettco@chronoengine.com,1991-11-01,Readett,Male
Kathy,kliversidgecp@theglobeandmail.com,1997-06-06,Liversidge,Genderfluid
Junette,jsowrahcq@europa.eu,1997-12-31,Sowrah,Bigender
Riva,rroughancr@livejournal.com,1996-06-12,Roughan,Non-binary
Giordano,gmillershipcs@patch.com,1983-05-22,Millership,Genderqueer
Garrett,ggwiltct@scientificamerican.com,1987-05-12,Gwilt,Female
Esme,ejanwaycu@i2i.jp,2009-06-19,Janway,Bigender
Bruno,bwardinglycv@blogger.com,1993-10-05,Wardingly,Polygender
Robinett,rdenzeycw@apple.com,2001-03-06,Denzey,Female
Dotty,dyakovcx@mit.edu,1990-11-27,Yakov,Agender
Teddie,tjenninscy@simplemachines.org,2005-05-27,Jennins,Bigender
Trefor,tguestcz@reverbnation.com,1997-05-11,Guest,Agender
Caron,cbryced0@cam.ac.uk,1998-12-18,Bryce,Genderfluid
Hermione,hsleenyd1@phoca.cz,2005-05-22,Sleeny,Polygender
Welch,wmuckled2@rakuten.co.jp,2001-04-14,Muckle,Polygender
Gareth,ghanselmand3@usda.gov,2005-02-13,Hanselman,Genderqueer
Auguste,abreewoodd4@yandex.ru,2001-07-06,Breewood,Bigender
Jessa,jdykesd5@unc.edu,1993-04-14,Dykes,Male
Sarah,sbarabischd6@foxnews.com,1985-02-27,Barabisch,Genderfluid
Lorettalorna,lmabbettd7@jalbum.net,1987-04-07,Mabbett,Polygender
Eddy,eewertd8@goo.ne.jp,1993-06-30,Ewert,Non-binary
Lindy,lhalfheadd9@rambler.ru,1993-02-18,Halfhead,Bigender
Krystalle,kshoubridgeda@ycombinator.com,2008-04-02,Shoubridge,Agender
Thedric,tgiacopellodb@artisteer.com,1994-02-10,Giacopello,Non-binary
Alica,asellandc@apache.org,1981-12-30,Sellan,Polygender
Salomon,stoddd@jugem.jp,2007-03-21,Tod,Non-binary
Sadye,saxworthyde@redcross.org,1985-03-27,Axworthy,Male
Farris,fbeldhamdf@theatlantic.com,1990-03-16,Beldham,Bigender
Xavier,xmcvitiedg@webs.com,1987-01-14,McVitie,Genderqueer
Samuele,swolseydh@skype.com,2010-12-03,Wolsey,Female
Ambrosi,aterrondi@trellian.com,2003-11-13,Terron,Agender
Edd,earendsendj@newsvine.com,2003-06-14,Arendsen,Non-binary
Jaquelin,jhoobandk@oaic.gov.au,1999-01-22,Hooban,Polygender
Darius,dtrentdl@mac.com,1994-01-22,Trent,Male
Ida,ibarffdm@sciencedaily.com,1980-07-02,Barff,Genderfluid
Colver,cdumbardn@uiuc.edu,2007-07-10,Dumbar,Genderfluid
Conrade,cnewcomendo@google.com.hk,1999-10-10,Newcomen,Bigender
Cathie,chanselmanndp@flavors.me,2007-01-10,Hanselmann,Polygender
Taddeusz,tboskelldq@nba.com,1988-07-26,Boskell,Genderfluid
Alden,abryettdr@simplemachines.org,1983-06-20,Bryett,Genderfluid
Kenna,kpinkds@g.co,1987-03-09,Pink,Male
Annabela,astiegersdt@phpbb.com,1998-08-27,Stiegers,Non-binary
Jade,jferrarettodu@answers.com,1992-07-20,Ferraretto,Polygender
Marys,mcrombleholmedv@ucsd.edu,1980-08-14,Crombleholme,Non-binary
Edin,eharsdw@istockphoto.com,2003-02-10,Hars,Genderqueer
Cicily,cbrientdx@facebook.com,1983-08-27,Brient,Female
Mabelle,mmordiedy@amazon.co.jp,2008-03-07,Mordie,Polygender
Millisent,mbodocsdz@uiuc.edu,2000-09-18,Bodocs,Bigender
Hector,halpse0@rambler.ru,1987-03-04,Alps,Genderfluid
Sylas,spenhearowe1@blogger.com,1980-07-09,Penhearow,Genderqueer
Rollins,rfearicke2@themeforest.net,1992-11-18,Fearick,Genderfluid
Rodge,rminocchie3@harvard.edu,1995-08-25,Minocchi,Female
Melba,mmolesworthe4@alexa.com,1983-11-30,Molesworth,Genderqueer
Juieta,jwinchestere5@lulu.com,1995-01-17,Winchester,Genderfluid
Dollie,dyatee6@comsenz.com,2009-08-22,Yate,Male
Clara,cloaldaye7@e-recht24.de,1991-05-07,Loalday,Female
Maury,mgisbornee8@taobao.com,1989-01-27,Gisborne,Genderqueer
Siobhan,sbutsone9@youku.com,1997-12-11,Butson,Male
Berny,bpflegerea@purevolume.com,2009-06-29,Pfleger,Agender
Annecorinne,agreenhameb@dropbox.com,1990-12-30,Greenham,Female
Launce,lsielyec@ning.com,2008-03-05,Siely,Agender
Sharline,sbeckhouseed@dell.com,1989-06-06,Beckhouse,Non-binary
Gloriane,gtwiningee@salon.com,1986-10-16,Twining,Male
Jodie,jbleief@wordpress.org,1985-08-11,Blei,Genderqueer
Guss,gdaughteryeg@1und1.de,1994-07-30,Daughtery,Genderqueer
Elset,epachtaeh@eepurl.com,1980-08-27,Pachta,Male
Ingamar,imulranei@tuttocitta.it,2002-02-09,Mulran,Non-binary
Letty,lgambellej@ovh.net,1990-10-29,Gambell,Male
Eugenius,edykasek@seesaa.net,2010-08-26,Dykas,Male
Rance,rnysel@dedecms.com,2007-10-12,Nys,Non-binary
Minne,mcurrieem@shutterfly.com,1994-08-07,Currie,Non-binary
Malvina,mspinckeen@ocn.ne.jp,1984-02-25,Spincke,Polygender
Micheil,mlowtoneo@mediafire.com,1984-08-08,Lowton,Genderqueer
Juditha,jdorrellep@hugedomains.com,1989-04-18,Dorrell,Female
Stephana,sstronacheq@wired.com,2007-01-05,Stronach,Polygender
Grissel,glandeer@cafepress.com,1998-07-14,Lande,Female
Chrotoem,cortellses@issuu.com,1994-10-10,Ortells,Agender
Perren,ptilsleyet@utexas.edu,2006-01-19,Tilsley,Non-binary
Philis,plarchiereeu@ox.ac.uk,2005-08-18,Larchiere,Agender
Aurelea,agriggsev@sphinn.com,1984-10-26,Griggs,Female
Eugenie,eharriesew@hugedomains.com,1986-01-10,Harries,Agender
Mariel,mmeeex@dell.com,1998-01-30,Mee,Genderqueer
Brant,bjamisoney@independent.co.uk,1997-05-12,Jamison,Genderfluid
Arlen,ajosowitzez@drupal.org,2007-07-05,Josowitz,Bigender
Wilden,wiamittiif0@latimes.com,1980-12-22,Iamittii,Genderqueer
Lyda,lcastanosf1@cbslocal.com,1991-03-19,Castanos,Non-binary
Bucky,btedmanf2@aol.com,1984-04-13,Tedman,Agender
Shayne,scrinagef3@msn.com,1991-03-31,Crinage,Genderfluid
Yale,ylomazf4@telegraph.co.uk,2008-12-25,Lomaz,Bigender
Amity,akeigherf5@tripadvisor.com,1980-07-21,Keigher,Genderfluid
Vassily,vrollinsf6@sina.com.cn,1994-04-04,Rollins,Female
Forest,ftattersf7@army.mil,1984-02-16,Tatters,Polygender
Cordie,cveartf8@angelfire.com,1982-02-22,Veart,Polygender
Kelcie,kosesnanef9@squidoo.com,2002-08-26,O'Sesnane,Male
Donnamarie,dquaintancefa@google.ru,2007-09-01,Quaintance,Male
Art,acrannyfb@ovh.net,2007-11-11,Cranny,Genderfluid
Margareta,mdelaspeefc@is.gd,2006-04-14,De Laspee,Female
Rickard,rdocwrafd@japanpost.jp,1992-02-15,Docwra,Genderfluid
Ebenezer,ereidfe@sbwire.com,1998-03-18,Reid,Genderfluid
Ximenez,xkellickff@sitemeter.com,1995-04-16,Kellick,Male
Kellia,kcrosstonfg@wired.com,1999-02-08,Crosston,Genderfluid
Esmaria,emaddocksfh@pbs.org,2004-04-18,Maddocks,Female
Che,ctomaszewiczfi@npr.org,1997-09-23,Tomaszewicz,Genderqueer
Emmett,eentisslefj@imdb.com,1997-06-15,Entissle,Genderfluid
Penny,pminocchifk@yale.edu,1983-06-04,Minocchi,Polygender
Gus,gparkmanfl@toplist.cz,2002-03-22,Parkman,Male
Viviene,vnormanellfm@nydailynews.com,2001-01-06,Normanell,Genderqueer
Mollie,mstrethillfn@pen.io,1995-10-23,Strethill,Female
Gretel,gcritzenfo@domainmarket.com,1988-01-06,Critzen,Agender
Gifford,gpennonefp@cafepress.com,1988-06-21,Pennone,Genderfluid
Elysee,erounsefullfq@addthis.com,1985-03-14,Rounsefull,Non-binary
Alaine,acurrorfr@jalbum.net,1995-10-14,Curror,Female
Clarice,cgrahlmansfs@exblog.jp,2008-09-11,Grahlmans,Genderfluid
Kayne,kmcerlaineft@nbcnews.com,1980-06-28,McErlaine,Genderfluid
Magdalene,mcromefu@goo.ne.jp,2006-12-24,Crome,Genderqueer
Theodoric,tbrahmsfv@jimdo.com,2007-12-26,Brahms,Agender
Gwyn,ggauchefw@mayoclinic.com,1986-02-15,Gauche,Male
Corny,chedaufx@friendfeed.com,1993-03-10,Hedau,Male
Selina,ssoamefy@arizona.edu,2000-10-14,Soame,Non-binary
Gerrilee,glanphierfz@craigslist.org,1997-07-30,Lanphier,Genderfluid
Cindelyn,cjackg0@apple.com,2001-10-28,Jack,Agender
Eziechiele,efraschettig1@buzzfeed.com,2010-12-08,Fraschetti,Genderfluid
Brita,bmanuellig2@goodreads.com,1983-09-22,Manuelli,Genderqueer
Bernita,bcosserg3@forbes.com,2010-10-31,Cosser,Agender
Angelico,aoultramg4@patch.com,1982-07-03,Oultram,Agender
Antonia,athorlbyg5@angelfire.com,1996-10-28,Thorlby,Agender
Cully,clamondg6@oaic.gov.au,1984-08-13,Lamond,Genderqueer
Reuben,rlystg7@newyorker.com,1995-05-24,Lyst,Bigender
Margit,mevasong8@freewebs.com,2000-04-10,Evason,Bigender
Teresina,tantonssong9@nsw.gov.au,1987-01-31,Antonsson,Genderfluid
Sergio,smcdillga@youtu.be,1986-04-13,McDill,Bigender
Rheba,rhassettgb@wordpress.com,2003-07-02,Hassett,Polygender
Dorrie,dshovellergc@huffingtonpost.com,1982-02-12,Shoveller,Female
Hailee,hzuanelligd@vistaprint.com,2008-04-14,Zuanelli,Female
Derby,dbleasbyge@google.nl,1983-08-11,Bleasby,Polygender
Sasha,sbilverstonegf@discuz.net,1995-02-23,Bilverstone,Genderfluid
Rafael,rhightongg@infoseek.co.jp,2002-09-03,Highton,Bigender
Juan,jhucklegh@businesswire.com,1983-12-14,Huckle,Non-binary
Sheryl,smuslimgi@dion.ne.jp,1984-05-12,Muslim,Genderfluid
Rudolph,rfurmangj@meetup.com,2009-04-13,Furman,Female
Angel,arawlingsgk@gravatar.com,2006-07-16,Rawlings,Bigender
Neilla,ncastellinigl@cisco.com,2010-11-05,Castellini,Non-binary
Goldia,gvandersongm@businessweek.com,1991-09-17,Van der Son,Genderfluid
Herc,hcrutchergn@sina.com.cn,1998-08-29,Crutcher,Female
Lurlene,leffemygo@blogger.com,2008-05-05,Effemy,Bigender
Wallie,wkunesgp@toplist.cz,1999-06-14,Kunes,Genderqueer
Hyman,hbowrygq@chron.com,1992-09-25,Bowry,Genderfluid
Barney,banthoingr@ihg.com,1993-11-20,Anthoin,Bigender
Cinnamon,ckeightleygs@reference.com,1985-09-24,Keightley,Bigender
Demetria,dscreasegt@shareasale.com,1994-06-12,Screase,Genderqueer
Reidar,rselvestergu@fc2.com,1992-07-20,Selvester,Male
Thurstan,tcowlardgv@psu.edu,1992-12-13,Cowlard,Genderfluid
Marybelle,mmcfatergw@mapquest.com,2007-10-09,McFater,Agender
Etti,epreecegx@nytimes.com,2008-10-05,Preece,Polygender
Abdul,ascotchmergy@sbwire.com,1983-01-17,Scotchmer,Bigender
Cobb,chainesgz@altervista.org,2003-07-25,Haines,Genderqueer
Libbi,ltremolieresh0@weibo.com,2010-06-20,Tremolieres,Genderqueer
Jonathan,jpfliegerh1@engadget.com,1984-08-07,Pflieger,Agender
Laure,lpowish2@apache.org,2007-11-28,Powis,Genderqueer
Minnnie,mbizleyh3@fastcompany.com,2004-10-21,Bizley,Male
Yul,ymulvinh4@globo.com,1995-01-16,Mulvin,Male
Adel,aanderbruggeh5@dot.gov,1997-06-12,Anderbrugge,Non-binary
Arty,agodfreeh6@examiner.com,1986-02-02,Godfree,Male
Timi,tusherh7@list-manage.com,1980-03-27,Usher,Male
Sancho,sclyneh8@umn.edu,2004-03-27,Clyne,Agender
Wileen,wturfreyh9@studiopress.com,2009-05-29,Turfrey,Polygender
Darbee,dgouthierha@umich.edu,2002-11-14,Gouthier,Polygender
Baily,bnovakhb@senate.gov,1980-08-23,Novak,Male
Sauncho,ssouthershc@mediafire.com,2008-06-24,Southers,Agender
Skippy,swindmillhd@usa.gov,2010-06-13,Windmill,Male
Carlyn,ccockingshe@wsj.com,1985-07-16,Cockings,Female
Aland,askarrhf@naver.com,2000-06-21,Skarr,Male
Judye,jratnegehg@live.com,1996-05-19,Ratnege,Non-binary
Viole,vbernadonhh@wsj.com,1983-01-24,Bernadon,Male
Tish,tminchindonhi@hao123.com,2006-12-24,Minchindon,Female
Lucie,lbrucehj@disqus.com,1995-11-28,Bruce,Female
Hermia,hstubbeshk@google.ru,2001-10-19,Stubbes,Polygender
Josiah,jhovyhl@fda.gov,1988-03-15,Hovy,Polygender
Spencer,sfarrallhm@amazonaws.com,2008-04-12,Farrall,Non-binary
Shanon,smarlowehn@simplemachines.org,2007-02-13,Marlowe,Bigender
Guenna,gfreedho@businessinsider.com,1980-08-09,Freed,Agender
Martyn,mbohlinghp@mapy.cz,1989-10-21,Bohling,Polygender
Carrissa,cdedonhq@sbwire.com,1996-11-06,Dedon,Male
Lazarus,loverburyhr@tamu.edu,1987-12-03,Overbury,Female
Eloise,eshobbrookhs@photobucket.com,1993-08-02,Shobbrook,Genderqueer
Pierrette,pdarlisonht@51.la,1996-11-19,Darlison,Genderqueer
Isabella,iringrosehu@pen.io,1986-03-22,Ringrose,Male
Purcell,posichevhv@sciencedaily.com,2009-05-11,Osichev,Genderqueer
Chariot,ccelierhw@php.net,1985-10-30,Celier,Genderqueer
Blake,bcossonshx@i2i.jp,2008-03-19,Cossons,Non-binary
Giuditta,gborlandhy@npr.org,2001-10-11,Borland,Genderfluid
Colin,ceddisonhz@amazon.de,2003-09-08,Eddison,Genderfluid
Duff,dofferi0@tripod.com,1983-10-27,Offer,Non-binary
Corissa,clourensi1@berkeley.edu,2002-04-30,Lourens,Bigender
Gearalt,ggentlei2@loc.gov,2000-11-13,Gentle,Male
Lockwood,lbelfelti3@who.int,2003-09-18,Belfelt,Agender
Aubine,anorsworthyi4@wikimedia.org,1995-03-12,Norsworthy,Non-binary
Urbanus,udefewi5@instagram.com,2004-08-13,De Few,Non-binary
Arnoldo,abugleri6@friendfeed.com,1981-11-25,Bugler,Agender
Mathian,mbartosi7@jiathis.com,1991-05-28,Bartos,Male
Angil,ablakelyi8@wordpress.org,1997-08-24,Blakely,Male
Lesley,lrosenblatti9@simplemachines.org,1995-01-12,Rosenblatt,Genderqueer
Staford,sguillouia@cornell.edu,2003-05-23,Guillou,Polygender
Guglielmo,grosenzveigib@va.gov,2005-11-25,Rosenzveig,Non-binary
Hieronymus,hmulranic@elpais.com,1994-02-18,Mulran,Genderfluid
Brandea,bgleaderid@webmd.com,2007-12-07,Gleader,Agender
Weylin,wbeidebekeie@google.co.uk,2008-02-24,Beidebeke,Genderfluid
Adelbert,asanchizif@webnode.com,2009-01-17,Sanchiz,Genderqueer
Benyamin,bharmonig@wunderground.com,1985-01-24,Harmon,Agender
Aliza,agymlettih@bravesites.com,2003-06-28,Gymlett,Male
Birgitta,bbanfillii@ibm.com,1992-01-19,Banfill,Bigender
Cate,ctideswellij@nydailynews.com,2002-01-26,Tideswell,Agender
Becca,boscanlonik@google.ca,1990-04-18,O'Scanlon,Genderfluid
Fraze,fmurfettil@cnbc.com,1984-12-24,Murfett,Non-binary
Roselia,rhaslehurstim@dell.com,2001-10-17,Haslehurst,Bigender
Roseline,rspatigin@cbc.ca,2008-06-15,Spatig,Agender
Waneta,wskillenio@xing.com,2009-03-17,Skillen,Agender
Ramsey,rbentzip@businessinsider.com,1985-03-09,Bentz,Non-binary
Base,bodoghestyiq@seesaa.net,2001-08-27,O'Doghesty,Female
Bart,bwhaymanir@wikimedia.org,2006-10-02,Whayman,Agender
Marrissa,mmcclaughlinis@abc.net.au,1984-01-10,McClaughlin,Male
Ave,apolinoit@rediff.com,1980-08-06,Polino,Non-binary
Willyt,wbeachemiu@skyrock.com,2009-11-13,Beachem,Polygender
Kassandra,kpickeringiv@ebay.com,1989-08-08,Pickering,Non-binary
Chlo,ckillockiw@indiegogo.com,1993-10-06,Killock,Male
Eddy,egillittix@yolasite.com,2001-01-08,Gillitt,Polygender
Maddy,mpinnijariy@123-reg.co.uk,1992-05-19,Pinnijar,Agender
Berk,bspinageiz@bloglines.com,1996-08-09,Spinage,Female
Sunshine,scridgej0@buzzfeed.com,1989-04-22,Cridge,Genderfluid
Dannie,dwoodsonj1@liveinternet.ru,1991-07-22,Woodson,Genderfluid
Kathleen,kberensj2@devhub.com,2005-07-22,Berens,Agender
Freedman,fmanuelyj3@seattletimes.com,1998-04-14,Manuely,Agender
Angel,amcqueenj4@taobao.com,1993-10-08,McQueen,Female
Ximenes,xdrewsonj5@si.edu,1980-09-25,Drewson,Non-binary
Mallory,mchatbandj6@purevolume.com,1986-03-15,Chatband,Polygender
Darwin,dwegnerj7@ihg.com,1988-12-30,Wegner,Male
Hetti,halliottj8@patch.com,2001-05-27,Alliott,Female
Shaine,svidelerj9@theatlantic.com,1989-03-28,Videler,Female
Darcy,dwicksonja@cam.ac.uk,1995-06-05,Wickson,Genderqueer
Curtice,ceatonjb@freewebs.com,2005-04-30,Eaton,Agender
Malory,mgoresjc@ucoz.com,2000-05-07,Gores,Female
Dodie,decklyjd@tmall.com,2001-01-04,Eckly,Bigender
Cecilia,cferneleyje@google.com.br,1982-02-28,Ferneley,Non-binary
Torin,tcomberbachjf@slashdot.org,2003-10-24,Comberbach,Female
Xever,xchassonjg@microsoft.com,1999-05-15,Chasson,Genderqueer
Durante,dlindbergjh@disqus.com,1982-01-15,Lindberg,Male
Ingra,icaldwellji@apache.org,1996-05-11,Caldwell,Bigender
Darbee,dmcdonnelljj@drupal.org,1989-07-23,McDonnell,Male
Lila,ldigginjk@lycos.com,1993-02-26,Diggin,Bigender
Frannie,fbaldinottijl@google.cn,1999-07-19,Baldinotti,Bigender
Erminia,ewelbournjm@printfriendly.com,2004-03-17,Welbourn,Agender
Burnaby,bdunjn@is.gd,1981-11-30,Dun,Genderqueer
Gaylord,gmonikerjo@un.org,2006-02-17,Moniker,Genderfluid
Roi,rsiemonjp@themeforest.net,1981-09-10,Siemon,Genderfluid
Melany,mtrenholmjq@1688.com,1995-08-04,Trenholm,Genderfluid
Shane,srojjr@odnoklassniki.ru,2007-12-31,Roj,Female
Trent,tcattachjs@barnesandnoble.com,1995-09-12,Cattach,Male
Bank,bcannjt@multiply.com,2009-08-06,Cann,Polygender
Martainn,mebdonju@ehow.com,2001-06-20,Ebdon,Genderqueer
Dilly,ddouglassjv@whitehouse.gov,2008-02-16,Douglass,Bigender
Tiertza,tackersjw@slideshare.net,2003-07-11,Ackers,Male
Ericha,escoularjx@ucla.edu,1983-09-18,Scoular,Female
Magda,mquilleashjy@icq.com,2010-01-20,Quilleash,Non-binary
Quentin,qrenforthjz@reference.com,1981-07-21,Renforth,Agender
Tremaine,tprysk0@java.com,1995-05-25,Prys,Genderfluid
Tara,tkillfordk1@wufoo.com,1999-03-26,Killford,Non-binary
Cchaddie,ckristofferssonk2@gmpg.org,1982-12-05,Kristoffersson,Male
Estell,erainsburyk3@sourceforge.net,1993-08-15,Rainsbury,Male
Bethany,braggettk4@webnode.com,1997-05-28,Raggett,Genderfluid
Bran,bquilliamk5@loc.gov,1983-10-31,Quilliam,Male
Ayn,abinleyk6@joomla.org,2006-08-05,Binley,Genderfluid
Mathias,mlavignek7@weebly.com,1989-03-09,Lavigne,Genderfluid
Leon,lsnookesk8@va.gov,2006-11-19,Snookes,Genderqueer
Stevie,shannondk9@newyorker.com,2010-11-11,Hannond,Female
Lacey,lkynseyka@liveinternet.ru,1987-03-28,Kynsey,Genderqueer
Stephi,sshorthousekb@princeton.edu,1999-09-30,Shorthouse,Genderqueer
Ettore,ebugbeekc@irs.gov,1992-06-12,Bugbee,Agender
Rusty,rkeatleykd@elpais.com,2007-08-07,Keatley,Bigender
Felipe,fcasbonke@arstechnica.com,1989-02-28,Casbon,Agender
Francklin,fsynankf@slideshare.net,1989-04-14,Synan,Genderfluid
Ermanno,elavallinkg@seesaa.net,2009-08-23,Lavallin,Bigender
Merissa,mranyellkh@163.com,1999-02-11,Ranyell,Genderqueer
Winifred,wjordiki@sohu.com,1985-07-05,Jordi,Non-binary
Mora,msouthcoatkj@jalbum.net,1998-10-26,Southcoat,Polygender
Ada,aroxbykk@independent.co.uk,1985-07-30,Roxby,Bigender
Renee,rscopynkl@typepad.com,2001-09-16,Scopyn,Bigender
Emmalyn,efronsekkm@home.pl,2001-05-07,Fronsek,Female
Zia,zshurykn@about.me,1996-12-15,Shury,Male
Lew,ldavidssonko@spiegel.de,1980-02-19,Davidsson,Non-binary
Alexander,acristofarikp@networkadvertising.org,1982-01-14,Cristofari,Female
Shelbi,sorgelkq@wikimedia.org,1999-06-03,Orgel,Bigender
Scottie,sclifforthkr@geocities.jp,1990-10-06,Clifforth,Agender
Tommy,timasonks@cisco.com,1998-04-03,Imason,Bigender
Alison,abaronkt@omniture.com,1985-01-22,Baron,Bigender
Herrick,hlindeboomku@cloudflare.com,1988-02-26,Lindeboom,Female
Jody,jmaplethorpekv@netvibes.com,2007-04-23,Maplethorpe,Non-binary
Leola,lhurdiskw@imageshack.us,1980-01-10,Hurdis,Genderqueer
Phyllys,pkershowkx@walmart.com,1983-04-29,Kershow,Male
Chantal,corteuky@salon.com,1986-04-04,Orteu,Genderfluid
Caesar,cblazekkz@dagondesign.com,1987-02-01,Blazek,Female
Tova,taguirrezabalal0@seesaa.net,2002-03-16,Aguirrezabala,Genderqueer
Pepita,pondrichl1@tmall.com,1984-11-18,Ondrich,Male
Poul,pfluinl2@myspace.com,2006-06-09,Fluin,Polygender
Laina,lgoudyl3@drupal.org,2009-08-30,Goudy,Non-binary
Jilly,jkitterl4@shop-pro.jp,1998-05-30,Kitter,Genderfluid
Calli,cdeavinl5@ask.com,1986-11-03,Deavin,Agender
Corine,cpoznanskil6@twitpic.com,2008-02-11,Poznanski,Genderqueer
Dewitt,dbendelowl7@lulu.com,1980-04-12,Bendelow,Genderqueer
Susie,sknightleyl8@devhub.com,2001-05-26,Knightley,Agender
Rooney,rbrocklebankl9@icq.com,2008-09-22,Brocklebank,Genderqueer
Madalena,mcromblehomela@europa.eu,2001-03-24,Cromblehome,Genderqueer
Gladys,gashelfordlb@hubpages.com,1987-10-24,Ashelford,Bigender
Fulton,fdooganlc@prlog.org,1995-02-26,Doogan,Female
Junia,jhoundsonld@fda.gov,1996-03-18,Houndson,Bigender
Kermit,khonnieballe@google.co.uk,1996-05-13,Honniebal,Genderfluid
Wynnie,wsipsonlf@cmu.edu,1995-06-21,Sipson,Non-binary
Patsy,pohartnedylg@meetup.com,2006-08-29,O'Hartnedy,Polygender
Mikel,mclellandlh@goo.gl,1989-02-04,Clelland,Polygender
Johnathan,jhayerli@skyrock.com,2006-04-09,Hayer,Bigender
Carmelia,cbraidlj@tmall.com,1982-06-06,Braid,Polygender
Vince,vnormanelllk@pbs.org,1992-06-12,Normanell,Agender
Jayson,jdyballll@aboutads.info,1990-02-10,Dyball,Agender
Isiahi,ihavenhandlm@canalblog.com,1996-05-28,Havenhand,Agender
Lira,lchazerandln@barnesandnoble.com,1984-06-13,Chazerand,Bigender
Ann-marie,arispinlo@msu.edu,2007-08-14,Rispin,Genderfluid
Sibley,shackleylp@ucoz.com,1990-10-10,Hackley,Agender
Yves,ywybrewlq@nasa.gov,2004-12-23,Wybrew,Non-binary
Boycey,bsherebrooklr@netscape.com,1987-06-15,Sherebrook,Bigender
Franni,fdomenicols@cmu.edu,1991-04-27,Domenico,Polygender
Johan,jkaplinlt@cornell.edu,2005-01-18,Kaplin,Bigender
Keeley,kboayslu@newyorker.com,1982-06-17,Boays,Female
Adele,asmogurlv@mac.com,2002-04-27,Smogur,Genderfluid
Cordula,cvondruskalw@blog.com,2005-01-17,Vondruska,Genderfluid
Dmitri,dgyngelllx@e-recht24.de,1984-03-26,Gyngell,Non-binary
Sascha,sbebbellly@icq.com,1997-03-21,Bebbell,Male
Dorine,dfogtlz@sun.com,2005-04-08,Fogt,Polygender
Bernardine,btrehearnm0@auda.org.au,1988-01-03,Trehearn,Female
Anders,acahalanm1@illinois.edu,1983-09-08,Cahalan,Male
Lani,lbrocksm2@amazonaws.com,1981-10-25,Brocks,Male
Maxine,msawlm3@opera.com,1981-12-02,Sawl,Genderqueer
Alasdair,aivattsm4@businesswire.com,2006-06-30,Ivatts,Agender
Colene,cantoszczykm5@barnesandnoble.com,1997-03-05,Antoszczyk,Male
Morey,msierm6@purevolume.com,2006-01-12,Sier,Polygender
Carson,cratnegem7@google.it,1995-07-10,Ratnege,Genderqueer
Alicia,apinchonm8@imgur.com,1980-02-18,Pinchon,Bigender
Bret,bmackeaguem9@nps.gov,1986-06-28,MacKeague,Bigender
Valentine,vkittredgema@icq.com,2006-02-28,Kittredge,Agender
Edythe,edecourtmb@purevolume.com,1986-03-20,Decourt,Genderfluid
Zenia,zmarciekmc@stanford.edu,2005-06-02,Marciek,Polygender
Ninette,npoundsfordmd@pinterest.com,1991-01-26,Poundsford,Female
Lin,loquinme@fema.gov,2004-04-14,O'Quin,Genderqueer
Buddie,bgroddenmf@google.es,1998-03-27,Grodden,Agender
Dreddy,dbrotherhoodmg@canalblog.com,1987-11-20,Brotherhood,Agender
Evin,ekobpalmh@gravatar.com,1989-04-03,Kobpal,Genderqueer
Tab,tgobelmi@dailymotion.com,1986-10-06,Gobel,Bigender
Hurleigh,hmanesmj@army.mil,1990-07-04,Manes,Male
Ferdinanda,frupelmk@nyu.edu,2003-06-30,Rupel,Non-binary
Aldous,aheadleyml@oaic.gov.au,1982-10-24,Headley,Polygender
Ezri,egooderedmm@paypal.com,2005-08-12,Goodered,Genderfluid
Allen,adyettmn@photobucket.com,1994-09-14,Dyett,Genderqueer
Orel,ofischermo@illinois.edu,1995-03-14,Fischer,Genderqueer
Merilyn,mkunathmp@webs.com,1994-07-17,Kunath,Male
Bailie,bjeannaudmq@craigslist.org,1987-04-19,Jeannaud,Polygender
Weylin,walcoranmr@jigsy.com,1996-11-11,Alcoran,Non-binary
Amara,apirtms@dion.ne.jp,1981-07-30,Pirt,Polygender
Lizzy,lfreremt@smh.com.au,1999-05-24,Frere,Genderqueer
Walther,weskrietmu@prnewswire.com,1982-11-21,Eskriet,Polygender
Binni,blindberghmv@sbwire.com,2007-09-28,Lindbergh,Agender
Caleb,ccarberrymw@de.vu,1981-11-24,Carberry,Non-binary
Bond,bkunmx@ask.com,1982-12-08,Kun,Female
Cullen,cgruszczakmy@ifeng.com,1983-06-22,Gruszczak,Genderfluid
Mead,mpinsentmz@java.com,1998-11-20,Pinsent,Bigender
Magdalene,mmckevittn0@w3.org,1986-01-17,McKevitt,Genderqueer
Wiatt,washburnern1@hud.gov,1998-07-12,Ashburner,Non-binary
Hodge,hobrogann2@cafepress.com,1982-07-26,O'Brogan,Non-binary
Cami,cfilonn3@addtoany.com,1991-06-23,Filon,Agender
Winfield,wpohlken4@foxnews.com,1993-03-11,Pohlke,Female
Anastasie,ahourigann5@histats.com,1994-09-28,Hourigan,Female
Odie,ofaichneyn6@digg.com,1987-12-11,Faichney,Female
Estevan,esethn7@typepad.com,2004-11-18,Seth,Bigender
Raine,rmasseln8@noaa.gov,1991-12-05,Massel,Genderfluid
Loretta,lellerbeckn9@cbsnews.com,1996-08-16,Ellerbeck,Genderqueer
Nevsa,npahlerna@paypal.com,1990-08-15,Pahler,Female
Rebekkah,rmartynovnb@patch.com,2003-06-03,Martynov,Genderfluid
Clayson,cmcgeochnc@g.co,2005-03-22,McGeoch,Male
Eleonora,edreossind@upenn.edu,1992-05-13,Dreossi,Genderfluid
Moise,mcaudelierne@netlog.com,2003-11-04,Caudelier,Bigender
Lanni,lmaccorleynf@netscape.com,1984-10-12,MacCorley,Polygender
Stephenie,sjurgesng@jimdo.com,1983-12-15,Jurges,Male
Tana,tfelsteadnh@tinyurl.com,1991-03-02,Felstead,Genderfluid
Rollo,rgarforthni@ifeng.com,1981-09-09,Garforth,Genderfluid
Stirling,spammentnj@army.mil,1985-08-30,Pamment,Female
Ibby,imccarricknk@usnews.com,2009-08-20,Mc Carrick,Polygender
Abbey,aleadstonnl@goodreads.com,1998-01-08,Leadston,Bigender
Koo,kminchellanm@guardian.co.uk,1996-05-31,Minchella,Genderfluid
Harald,hguildnn@icio.us,1994-03-20,Guild,Female
Ludovico,lperfectno@china.com.cn,1983-09-18,Perfect,Genderqueer
Ingelbert,iolennanenp@technorati.com,2001-11-17,O'Lennane,Agender
Dru,drushmarenq@deviantart.com,1989-05-28,Rushmare,Genderfluid
Dorice,dbooseynr@whitehouse.gov,1984-10-16,Boosey,Female
Cosme,cviversns@wikia.com,1981-12-11,Vivers,Polygender
Ewen,emossnt@github.com,1987-04-22,Moss,Male
Bronnie,bwennnu@hubpages.com,2008-07-07,Wenn,Genderqueer
Aldo,aseidnv@paypal.com,1982-05-07,Seid,Bigender
Darill,dmandelnw@artisteer.com,1999-06-30,Mandel,Non-binary
Ninette,ntumultynx@technorati.com,1995-07-06,Tumulty,Female
Myrlene,munwinsny@skyrock.com,1990-12-31,Unwins,Polygender
Torie,teslienz@wufoo.com,2003-05-27,Eslie,Genderqueer
Giselbert,gbreffito0@state.tx.us,1990-03-25,Breffit,Genderqueer
Coriss,cabrahamo1@studiopress.com,1987-06-17,Abraham,Female
Batholomew,bmanto2@ucoz.com,1997-01-10,Mant,Polygender
Linus,livatto3@drupal.org,2009-01-19,Ivatt,Genderfluid
Monty,mdenyero4@nature.com,1987-12-12,Denyer,Genderqueer
Carma,cdacostao5@scientificamerican.com,1994-08-04,Da Costa,Genderqueer
Borg,bcarberyo6@comcast.net,1997-03-17,Carbery,Genderfluid
Rheba,rbassomo7@house.gov,1992-08-03,Bassom,Bigender
Carlyle,cjacmardo8@themeforest.net,2007-11-03,Jacmard,Agender
Salvador,ssawkinso9@pagesperso-orange.fr,1988-07-27,Sawkins,Polygender
Alejandro,asapeyoa@chicagotribune.com,1981-09-06,Sapey,Non-binary
Marcelia,msummerleyob@dion.ne.jp,2000-04-18,Summerley,Polygender
Moyna,mbrufordoc@livejournal.com,1992-05-29,Bruford,Bigender
Francine,fdoxeyod@xing.com,1987-08-04,Doxey,Genderfluid
Katleen,kmayzesoe@sourceforge.net,2010-10-31,Mayzes,Agender
Gabbey,gemeneyof@friendfeed.com,1991-08-18,Emeney,Non-binary
Shauna,sfrickog@tuttocitta.it,1984-02-10,Frick,Polygender
Melonie,mfloryoh@photobucket.com,2001-04-29,Flory,Polygender
Carolee,cmcclaryoi@house.gov,1980-02-08,McClary,Bigender
Corbie,cemneyoj@unesco.org,2010-08-27,Emney,Polygender
Heddie,hdrakefordok@bbb.org,2004-09-29,Drakeford,Non-binary
Paige,ppietruszkaol@last.fm,1981-11-13,Pietruszka,Male
Clarice,cminciom@marriott.com,1992-10-08,Minci,Agender
Julina,jchoakeon@chron.com,1998-06-16,Choake,Bigender
Georgianna,gdykesoo@yellowpages.com,2004-07-31,Dykes,Bigender
Sandro,sspawellop@deliciousdays.com,2002-03-04,Spawell,Bigender
Brandy,bchitteroq@lulu.com,1989-06-11,Chitter,Polygender
Biron,babbettor@washington.edu,1999-06-14,Abbett,Male
Haven,hfaccinios@epa.gov,1993-10-22,Faccini,Female
Thorn,taustingot@dyndns.org,1980-04-21,Austing,Male
Alyce,atregentou@hatena.ne.jp,1981-08-28,Tregent,Non-binary
Clementius,cdayeov@toplist.cz,2005-05-05,Daye,Genderqueer
Levi,lstummeyerow@prlog.org,1990-10-02,Stummeyer,Male
Gae,glemeryox@1und1.de,2005-06-09,Lemery,Genderqueer
Malorie,msprakesoy@sakura.ne.jp,1998-08-24,Sprakes,Non-binary
Jedd,jmacginneyoz@vk.com,1991-06-16,MacGinney,Polygender
Padraic,pbrasseurp0@technorati.com,1989-10-04,Brasseur,Genderqueer
Avrom,abigglestonep1@google.com.au,2009-05-05,Bigglestone,Bigender
Hester,hcissenp2@spiegel.de,2001-10-24,Cissen,Genderfluid
Tamarra,tmoxsteadp3@jugem.jp,1994-11-02,Moxstead,Female
Evan,ejorip4@webeden.co.uk,1988-07-08,Jori,Agender
Dolly,dmcenhillp5@hp.com,2002-02-19,McEnhill,Agender
Carr,cjeggop6@wufoo.com,1991-03-16,Jeggo,Bigender
Chiquia,cbygatep7@cdbaby.com,1986-10-20,Bygate,Bigender
Mae,mcogginp8@ucoz.ru,2004-06-23,Coggin,Agender
Burr,bgarnp9@hao123.com,1989-02-22,Garn,Bigender
Enriqueta,edoypa@booking.com,1999-10-23,Doy,Genderqueer
Jeannine,jphilipppb@yellowpages.com,1992-09-20,Philipp,Bigender
Vassili,vzuanazzipc@joomla.org,2003-12-15,Zuanazzi,Male
Myron,mfayterpd@flickr.com,1986-12-31,Fayter,Polygender
Vassili,volongainpe@chicagotribune.com,2003-03-16,O'Longain,Male
Lucille,lavopf@wiley.com,1984-02-05,Avo,Female
Norbie,nyallowleypg@topsy.com,2002-12-24,Yallowley,Male
Cilka,cfoatph@google.de,2002-04-19,Foat,Bigender
Katine,ktrippickpi@examiner.com,1995-11-12,Trippick,Bigender
Yolande,ybouldstridgepj@accuweather.com,2003-11-16,Bouldstridge,Agender
Star,svertiganpk@cam.ac.uk,1991-11-08,Vertigan,Bigender
Trista,tdrydenpl@shutterfly.com,1987-06-16,Dryden,Female
Carmelita,cshreevespm@mapquest.com,2000-12-03,Shreeves,Bigender
Augusto,atweddellpn@ca.gov,1992-04-21,Tweddell,Male
Dorey,dspacypo@sohu.com,2005-06-19,Spacy,Agender
Madlin,mgadmanpp@clickbank.net,2007-12-08,Gadman,Male
Arlie,asingerspq@issuu.com,2006-01-03,Singers,Bigender
Vincenz,vjoseburypr@constantcontact.com,1992-07-18,Josebury,Bigender
Dacie,dgrassettps@whitehouse.gov,1999-05-17,Grassett,Non-binary
Levi,lmalekpt@yelp.com,1994-10-10,Malek,Male
Vikki,vmacgrathpu@drupal.org,1992-11-21,MacGrath,Genderfluid
Shanon,shollowpv@quantcast.com,1980-01-24,Hollow,Genderfluid
Jenica,jbeebypw@msu.edu,1989-02-28,Beeby,Genderqueer
Ignacio,igajewskipx@tuttocitta.it,2000-04-21,Gajewski,Agender
Denise,dloselpy@google.ca,1981-09-08,Losel,Non-binary
Wilmer,wcanlandpz@wp.com,1986-06-20,Canland,Genderqueer
Jonas,jtuxellq0@tmall.com,1993-10-11,Tuxell,Polygender
Barbra,bhayeq1@infoseek.co.jp,1993-06-09,Haye,Female
Lani,lbeechq2@ning.com,2010-09-08,Beech,Genderfluid
Monty,msierq3@walmart.com,1986-04-02,Sier,Genderqueer
Netty,nbiggamq4@acquirethisname.com,2009-05-26,Biggam,Polygender
Justin,jlayingq5@state.tx.us,1989-07-07,Laying,Female
Sadye,sgoodgerq6@answers.com,1980-09-11,Goodger,Non-binary
Natalee,nfarrisq7@vimeo.com,1999-07-02,Farris,Genderfluid
Rhodie,rsummerladq8@sbwire.com,2001-12-04,Summerlad,Female
Shalna,salfonzoq9@disqus.com,1989-07-29,Alfonzo,Genderfluid
Roch,rrimmerqa@usgs.gov,2002-06-29,Rimmer,Genderqueer
Cara,cfrancisqb@java.com,1990-12-31,Francis,Polygender
Cinda,cconnaughtonqc@biglobe.ne.jp,2002-01-03,Connaughton,Polygender
Rosalyn,rewbanksqd@e-recht24.de,1989-07-03,Ewbanks,Female
Lyssa,lyokelmanqe@goo.ne.jp,1996-04-30,Yokelman,Genderqueer
Eartha,edunstonqf@java.com,1994-08-11,Dunston,Agender
Teddy,tkachelqg@gravatar.com,2009-12-11,Kachel,Non-binary
Morlee,mbassickqh@nifty.com,2007-11-11,Bassick,Bigender
Isidoro,ilineenqi@macromedia.com,1988-10-24,Lineen,Non-binary
Akim,awortmanqj@deviantart.com,2001-10-13,Wortman,Genderqueer
Malinda,mhallahanqk@cyberchimps.com,2000-11-18,Hallahan,Genderfluid
Pat,pgarroodql@geocities.com,1987-04-25,Garrood,Genderqueer
Lindi,lallibertonqm@hibu.com,1999-05-11,Alliberton,Male
Angel,adunbarqn@tamu.edu,1995-06-30,Dunbar,Polygender
Gill,gwannqo@edublogs.org,1981-08-19,Wann,Non-binary
Fancie,frisbieqp@so-net.ne.jp,2008-11-09,Risbie,Non-binary
Maximilien,mgatheralqq@sourceforge.net,1993-07-25,Gatheral,Genderqueer
Alyosha,agocherqr@ycombinator.com,1993-08-03,Gocher,Genderqueer
Kylie,khenkerqs@prnewswire.com,1993-06-05,Henker,Agender
Nicolis,ncussinsqt@merriam-webster.com,2002-07-26,Cussins,Genderqueer
Papagena,pwreightqu@hubpages.com,1998-04-21,Wreight,Male
Ethelyn,ehuckeqv@forbes.com,1982-02-27,Hucke,Agender
Barn,bvenningqw@nih.gov,2002-11-03,Venning,Genderqueer
Paula,ppridenqx@live.com,1997-03-28,Priden,Genderqueer
Thaine,tleggisqy@mapy.cz,1988-04-14,Leggis,Bigender
Daisy,dconisbeeqz@mozilla.org,1985-05-24,Conisbee,Polygender
Laurianne,larrighinir0@edublogs.org,1980-04-18,Arrighini,Male
Prudy,pcraisterr1@oakley.com,1991-04-28,Craister,Agender
Mela,mbamlettr2@printfriendly.com,2004-07-16,Bamlett,Polygender
Karleen,kiddyr3@arizona.edu,2003-09-01,Iddy,Female
Doretta,dspinleyr4@discuz.net,2009-01-21,Spinley,Female
Johannes,jtuplingr5@jugem.jp,1998-04-17,Tupling,Agender
Ibbie,iwashbrookr6@buzzfeed.com,1981-09-06,Washbrook,Genderfluid
Susi,slawiller7@bloomberg.com,1988-09-23,La Wille,Agender
Malina,mbleasbyr8@blog.com,2010-10-03,Bleasby,Agender
Cally,cslaytonr9@list-manage.com,2001-12-27,Slayton,Female
Cesaro,cmcilraithra@army.mil,1995-12-08,McIlraith,Bigender
Chelsey,cmcinnesrb@sbwire.com,1981-11-13,McInnes,Male
Camey,cterramrc@google.it,2010-06-04,Terram,Agender
Lezley,lcroughanrd@psu.edu,1988-07-26,Croughan,Agender
Cordie,cknowllerre@people.com.cn,1985-08-30,Knowller,Female
Eugine,emillyardrf@privacy.gov.au,1999-10-05,Millyard,Genderqueer
Graig,gobinrg@java.com,1995-06-16,Obin,Female
Stefan,sludyrh@twitpic.com,1995-09-25,Ludy,Female
Kary,khaconri@nifty.com,1995-01-23,Hacon,Bigender
Frances,ftettrj@cdbaby.com,1982-01-18,Tett,Genderqueer
Heriberto,hwaddamrk@prweb.com,2005-10-08,Waddam,Bigender
Thedric,tdaniellsrl@msn.com,1988-05-14,Daniells,Polygender
Salvatore,swoodworthrm@cisco.com,1998-01-22,Woodworth,Polygender
Dorita,dkleinmannrn@addtoany.com,1983-06-24,Kleinmann,Non-binary
Keir,kkunkelro@mac.com,1992-09-19,Kunkel,Non-binary
Bald,bwhitleyrp@pbs.org,1991-07-28,Whitley,Female
Lurlene,lsouthworthrq@oakley.com,1988-11-29,Southworth,Female
Delmar,dungarettirr@unc.edu,1991-09-24,Ungaretti,Genderqueer